CustomerID,RegisterDate,Gender,BirthYear,Addr1,Addr2,Age,AgeGroup,OrderID,Seq,OrderDate,ProductID,Qty,Amt,Year,Month,churn,RegDuration,Visit_3M_Cnt,Amt_3M_sum
c328222,2014-09-25,F,1960,강원도,원주시,56,50,99,1,2016-07-12,p1149401,1,909,2016,7,0,2,15.0,47979.0
c354310,2015-07-16,F,1964,강원도,원주시,52,50,181,3,2016-11-29,p1178011,1,8800,2016,11,1,1,1.0,8800.0
c390828,2016-10-15,F,1984,강원도,원주시,32,30,49,14,2016-10-15,p1149411,1,1000,2016,10,1,0,3.0,18172.0
c386399,2016-08-18,F,1972,강원도,원주시,44,40,121,4,2016-10-12,p1012581,3,3150,2016,10,1,0,1.0,3150.0
c367116,2015-12-29,F,1970,강원도,원주시,46,40,169,3,2016-08-18,p1012581,1,1050,2016,8,0,1,,
c334038,2014-11-21,F,1976,강원도,원주시,40,40,203,1,2016-09-22,p1144371,1,1850,2016,9,1,2,2.0,9850.0
c345766,2015-04-12,M,1980,강원도,춘천시,36,30,135,2,2016-07-03,p1162631,1,4600,2016,7,0,1,3.0,11950.0
c351869,2015-06-17,F,1963,강원도,춘천시,53,50,193,7,2016-08-25,p1072601,1,4600,2016,8,1,1,2.0,5300.0
c348599,2015-05-12,F,1973,강원도,춘천시,43,40,111,2,2016-07-06,p1006411,1,1091,2016,7,0,1,1.0,-1000.0
c356995,2015-08-22,F,1967,강원도,춘천시,49,40,63,1,2016-07-03,p1030071,1,2450,2016,7,1,1,,
c372227,2016-03-05,F,1981,강원도,춘천시,35,30,29,2,2016-09-10,p1127201,1,3727,2016,9,1,0,,
c337831,2015-01-09,F,1984,강원도,춘천시,32,30,159,14,2016-07-01,p1144371,1,1250,2016,7,1,1,,
c347315,2015-04-27,F,1971,강원도,횡성군,45,40,103,5,2016-10-30,p1005771,1,1850,2016,10,1,1,2.0,3700.0
c343447,2015-03-19,F,1975,경기도,고양시,41,40,165,1,2016-07-08,p1030071,2,4900,2016,7,0,1,2.0,3591.0
c343320,2015-03-18,F,1955,경기도,고양시,61,60,57,3,2016-09-23,p1005771,1,1850,2016,9,0,1,4.0,18506.0
c341313,2015-02-24,F,1979,경기도,광명시,37,30,113,2,2016-12-05,p1006281,1,864,2016,12,1,1,1.0,864.0
c356815,2015-08-19,F,1965,경기도,광주시,51,50,19,3,2016-07-05,p1005891,2,3900,2016,7,0,1,2.0,9850.0
c385713,2016-08-08,F,1968,경기도,구리시,48,40,7,6,2016-08-20,p1005891,2,3900,2016,8,0,0,5.0,31800.0
c335945,2014-12-16,F,1971,경기도,김포시,45,40,109,1,2016-09-30,p1013161,1,2950,2016,9,0,2,1.0,1900.0
c372869,2016-03-12,F,1975,경기도,남양주시,41,40,35,12,2016-07-02,p1012881,1,1600,2016,7,0,0,2.0,11682.0
c363589,2015-11-12,F,1983,경기도,남양주시,33,30,21,3,2016-07-02,p1284851,1,2750,2016,7,0,1,1.0,8400.0
c379879,2016-05-29,F,1989,경기도,성남시,27,20,149,4,2016-08-12,p1012581,1,1050,2016,8,1,0,,
c357744,2015-08-28,F,1985,경기도,성남시,31,30,229,1,2016-08-31,p1005891,1,1950,2016,8,0,1,3.0,11150.0
c381060,2016-06-12,F,1992,경기도,수원시,24,20,153,5,2016-07-09,p1012581,1,1050,2016,7,1,0,,
c328664,2014-09-30,F,1979,경기도,수원시,37,30,197,7,2016-08-25,p1139681,2,1818,2016,8,1,2,3.0,3081.0
c323093,2014-07-23,M,1978,경기도,안산시,38,30,97,2,2016-12-30,p1005771,2,3700,2016,12,0,2,1.0,4850.0
c356629,2015-08-17,F,1984,경기도,안성시,32,30,39,2,2016-08-15,p1284851,1,2750,2016,8,0,1,2.0,6450.0
c307519,2014-02-08,F,1953,경기도,안양시,63,60,63,2,2016-10-15,p1005771,1,1850,2016,10,1,2,3.0,7300.0
c341307,2015-02-24,F,1967,경기도,용인시,49,40,15,2,2016-08-14,p1162631,1,4600,2016,8,1,1,,
c353614,2015-07-07,F,1984,경기도,용인시,32,30,209,2,2016-08-03,p1072601,1,4600,2016,8,0,1,4.0,14700.0
c358171,2015-09-02,F,1977,경기도,용인시,39,30,13,1,2016-11-25,p1005891,1,1950,2016,11,0,1,1.0,1950.0
c327669,2014-09-19,F,1957,경기도,파주시,59,50,91,2,2016-10-27,p1256521,-1,-1850,2016,10,0,2,2.0,1350.0
c357840,2015-08-31,F,1981,경기도,고양시,35,30,55,5,2016-07-19,p1175481,1,1300,2016,7,0,1,2.0,10100.0
c312251,2014-04-01,F,1981,경기도,고양시,35,30,123,4,2016-09-27,p1100371,1,400,2016,9,0,2,1.0,400.0
c340893,2015-02-15,F,1976,경기도,고양시,40,40,141,2,2016-09-01,p1097591,1,600,2016,9,1,1,,
c354478,2015-07-18,F,1977,경기도,고양시,39,30,129,2,2016-07-27,p1246581,3,3408,2016,7,0,1,3.0,20970.0
c310553,2014-03-13,F,1971,경기도,고양시,45,40,115,1,2016-07-12,p1149411,1,1000,2016,7,0,2,5.0,33350.0
c323069,2014-07-23,F,1957,경기도,고양시,59,50,117,2,2016-07-07,p1097591,1,600,2016,7,1,2,,
c324337,2014-08-09,F,1979,경기도,고양시,37,30,35,11,2016-09-27,p1052661,1,1455,2016,9,0,2,2.0,15085.0
c343469,2015-03-19,F,1983,경기도,고양시,33,30,19,1,2016-07-04,p1133371,2,2000,2016,7,0,1,9.0,42150.0
c344134,2015-03-26,F,1963,경기도,고양시,53,50,193,5,2016-09-22,p1026741,1,3227,2016,9,0,1,,
c353494,2015-07-06,F,1961,경기도,고양시,55,50,5,2,2016-07-02,p1200641,1,5200,2016,7,0,1,18.0,86240.0
c356904,2015-08-20,M,1973,경기도,고양시,43,40,45,3,2016-07-28,p1001771,1,3600,2016,7,0,1,2.0,1200.0
c365459,2015-12-06,F,1979,경기도,고양시,37,30,135,1,2016-07-17,p1013251,2,3300,2016,7,0,1,5.0,53970.0
c307738,2014-02-11,M,1977,경기도,고양시,39,30,87,1,2016-08-29,p1162631,2,9200,2016,8,0,2,7.0,100170.0
c314866,2014-04-28,F,1979,경기도,고양시,37,30,163,1,2016-07-12,p1200641,1,4600,2016,7,0,2,5.0,37058.0
c318126,2014-05-29,F,1968,경기도,고양시,48,40,155,4,2016-07-03,p1233511,1,2050,2016,7,0,2,9.0,25878.0
c331655,2014-10-29,M,1982,경기도,고양시,34,30,93,3,2016-07-18,p1072601,1,4600,2016,7,1,2,,
c342735,2015-03-11,F,1979,경기도,고양시,37,30,33,3,2016-07-07,p1005771,1,1850,2016,7,0,1,8.0,58633.0
c319034,2014-06-10,F,1974,경기도,고양시,42,40,61,1,2016-10-17,p1207281,1,2750,2016,10,0,2,1.0,2750.0
c371075,2016-02-19,F,1968,경기도,고양시,48,40,63,2,2016-07-02,p1284851,2,5500,2016,7,0,0,6.0,23775.0
c334275,2014-11-24,F,1980,경기도,고양시,36,30,121,5,2016-08-10,p1011291,1,273,2016,8,1,2,,
c342914,2015-03-13,F,1979,경기도,고양시,37,30,33,3,2016-09-01,p1256521,1,1850,2016,9,0,1,1.0,12850.0
c357993,2015-09-01,F,1979,경기도,고양시,37,30,229,3,2016-07-13,p1013251,1,1650,2016,7,1,1,,
c391647,2016-10-25,F,1970,경기도,고양시,46,40,43,3,2016-11-22,p1175481,1,1300,2016,11,0,0,2.0,6800.0
c306199,2014-01-17,F,1977,경기도,고양시,39,30,147,3,2016-07-30,p1005771,1,1850,2016,7,0,2,,
c352817,2015-06-29,F,1962,경기도,고양시,54,50,37,7,2016-07-04,p1030071,2,4900,2016,7,0,1,10.0,76439.0
c349634,2015-05-25,F,1967,경기도,고양시,49,40,153,1,2016-07-04,p1012751,1,1250,2016,7,0,1,12.0,86408.0
c345899,2015-04-13,F,1981,경기도,과천시,35,30,17,2,2016-07-08,p1030071,1,2450,2016,7,0,1,15.0,91864.0
c389049,2016-09-24,F,1983,경기도,과천시,33,30,29,4,2016-09-24,p1144661,1,1650,2016,9,1,0,,
c337495,2015-01-06,F,1975,경기도,과천시,41,40,71,1,2016-07-06,p1012641,2,2200,2016,7,1,1,3.0,3791.0
c387615,2016-09-01,F,1988,경기도,광명시,28,20,139,1,2016-09-13,p1012751,1,1500,2016,9,0,0,1.0,600.0
c347234,2015-04-27,F,1983,경기도,광명시,33,30,169,4,2016-07-04,p1005771,1,1850,2016,7,0,1,5.0,18200.0
c342408,2015-03-07,F,1980,경기도,광명시,36,30,177,6,2016-07-29,p1072601,1,4600,2016,7,0,1,1.0,11042.0
c344774,2015-04-02,F,1978,경기도,광명시,38,30,101,3,2016-08-19,p1179241,1,1400,2016,8,0,1,,
c336759,2014-12-26,F,1976,경기도,광명시,40,40,153,1,2016-07-19,p1200641,1,4600,2016,7,1,2,5.0,18450.0
c392831,2016-11-07,F,1969,경기도,구리시,47,40,217,1,2016-11-14,p1235451,1,1227,2016,11,0,0,2.0,7877.0
c312197,2014-04-01,F,1985,경기도,구리시,31,30,25,7,2016-07-02,p1005771,1,1850,2016,7,0,2,8.0,52258.0
c368157,2016-01-11,F,1973,경기도,구리시,43,40,57,2,2016-07-25,p1233511,1,1900,2016,7,0,0,2.0,9741.0
c313204,2014-04-11,M,1979,경기도,구리시,37,30,33,1,2016-07-31,p1072601,1,4600,2016,7,0,2,7.0,15934.0
c350148,2015-05-30,F,1983,경기도,군포시,33,30,53,1,2016-07-04,p1013161,1,2950,2016,7,1,1,,
c314144,2014-04-21,F,1957,경기도,군포시,59,50,215,1,2016-07-06,p1237811,1,8000,2016,7,0,2,6.0,68443.0
c360613,2015-10-05,M,1981,경기도,군포시,35,30,169,2,2016-11-15,p1005771,1,1850,2016,11,1,1,2.0,2850.0
c366888,2015-12-26,F,1977,경기도,김포시,39,30,157,1,2016-07-06,p1052661,1,1455,2016,7,0,1,4.0,19540.0
c322766,2014-07-19,F,1980,경기도,김포시,36,30,125,2,2016-08-06,p1001771,1,3100,2016,8,0,2,8.0,24414.0
c344728,2015-04-01,F,1960,경기도,김포시,56,50,217,7,2016-12-02,p1097591,1,600,2016,12,0,1,2.0,48440.0
c351034,2015-06-09,F,1978,경기도,김포시,38,30,127,1,2016-07-14,p1097831,2,2636,2016,7,0,1,4.0,8655.0
c330325,2014-10-16,F,1976,경기도,김포시,40,40,165,1,2016-08-25,p1072601,2,9200,2016,8,0,2,1.0,10350.0
c384383,2016-07-19,F,1977,경기도,김포시,39,30,33,1,2016-08-30,p1175481,1,1300,2016,8,1,0,1.0,3950.0
c375520,2016-04-08,F,1968,경기도,김포시,48,40,167,7,2016-07-22,p1012761,1,1900,2016,7,0,0,,
c339083,2015-01-26,F,1979,경기도,김포시,37,30,21,1,2016-07-05,p1012751,1,1250,2016,7,0,1,20.0,78722.0
c362929,2015-11-04,F,1984,경기도,김포시,32,30,159,2,2016-07-02,p1005891,2,3900,2016,7,0,1,3.0,19264.0
c325775,2014-08-25,F,1970,경기도,김포시,46,40,167,7,2016-07-13,p1237811,1,8000,2016,7,0,2,1.0,2000.0
c365376,2015-12-04,F,1962,경기도,김포시,54,50,105,1,2016-07-08,p1133371,3,3000,2016,7,0,1,4.0,16600.0
c389540,2016-09-29,F,1972,경기도,김포시,44,40,109,3,2016-09-29,p1175481,1,1300,2016,9,0,0,2.0,4800.0
c352238,2015-06-22,F,1981,경기도,남양주시,35,30,129,1,2016-10-14,p1162631,1,4600,2016,10,0,1,5.0,9554.0
c319782,2014-06-17,F,1949,경기도,남양주시,67,60,125,8,2016-07-15,p1256521,1,1850,2016,7,0,2,3.0,10150.0
c345572,2015-04-09,F,1978,경기도,남양주시,38,30,133,4,2016-09-09,p1005771,1,1850,2016,9,0,1,5.0,38505.0
c317471,2014-05-23,F,1985,경기도,남양주시,31,30,149,2,2016-07-01,p1149411,1,1000,2016,7,1,2,1.0,2450.0
c330770,2014-10-21,M,1968,경기도,남양주시,48,40,27,6,2016-12-24,p1194801,1,8370,2016,12,1,2,1.0,8370.0
c331082,2014-10-24,F,1980,경기도,남양주시,36,30,179,4,2016-07-07,p1001771,1,3600,2016,7,0,2,3.0,11900.0
c356929,2015-08-21,F,1980,경기도,남양주시,36,30,59,4,2016-07-13,p1030071,1,2050,2016,7,0,1,,
c386860,2016-08-24,F,1960,경기도,남양주시,56,50,65,4,2016-08-24,p1012751,1,1380,2016,8,0,0,,
c310138,2014-03-10,F,1962,경기도,남양주시,54,50,245,5,2016-09-13,p1005891,2,3900,2016,9,1,2,,
c317345,2014-05-22,F,1988,경기도,남양주시,28,20,3,2,2016-07-02,p1005771,1,1850,2016,7,1,2,1.0,4150.0
c324615,2014-08-12,F,1983,경기도,남양주시,33,30,7,3,2016-07-01,p1013161,1,2950,2016,7,0,2,18.0,74699.0
c334322,2014-11-24,F,1981,경기도,남양주시,35,30,171,1,2016-07-20,p1175481,1,1300,2016,7,1,2,1.0,2250.0
c340690,2015-02-12,F,1956,경기도,남양주시,60,60,37,1,2016-08-02,p1175481,1,1300,2016,8,0,1,2.0,3900.0
c337558,2015-01-07,M,1977,경기도,부천시,39,30,201,1,2016-12-20,p1284851,1,2750,2016,12,0,1,3.0,28460.0
c385109,2016-07-29,F,1978,경기도,부천시,38,30,91,5,2016-08-31,p1026741,1,3227,2016,8,0,0,2.0,26150.0
c307671,2014-02-10,F,1974,경기도,부천시,42,40,67,1,2016-11-01,p1054261,1,2091,2016,11,0,2,1.0,2091.0
c345760,2015-04-12,F,1972,경기도,부천시,44,40,49,7,2016-08-21,p1233511,1,1900,2016,8,0,1,1.0,2950.0
c391637,2016-10-24,F,1973,경기도,부천시,43,40,169,1,2016-10-29,p1162631,3,9840,2016,10,1,0,7.0,34771.0
c307908,2014-02-12,F,1988,경기도,부천시,28,20,119,3,2016-08-01,p1144371,2,3000,2016,8,0,2,,
c356404,2015-08-14,F,1977,경기도,부천시,39,30,89,3,2016-10-02,p1005621,1,2900,2016,10,0,1,4.0,21750.0
c368106,2016-01-10,F,1980,경기도,부천시,36,30,57,5,2016-07-06,p1255281,2,2364,2016,7,0,0,1.0,8600.0
c306915,2014-01-29,F,1975,경기도,부천시,41,40,119,7,2016-07-01,p1052661,1,1455,2016,7,0,2,8.0,59250.0
c307480,2014-02-07,F,1979,경기도,부천시,37,30,9,8,2016-07-30,p1284851,1,2750,2016,7,0,2,4.0,22882.0
c362922,2015-11-04,F,1978,경기도,부천시,38,30,107,3,2016-07-22,p1012881,1,1600,2016,7,0,1,9.0,85092.0
c335309,2014-12-06,F,1974,경기도,부천시,42,40,149,4,2016-09-03,p1012761,1,1810,2016,9,0,2,1.0,3500.0
c352800,2015-06-28,F,1980,경기도,부천시,36,30,113,1,2016-07-12,p1246581,1,1136,2016,7,0,1,5.0,23040.0
c385783,2016-08-09,F,1983,경기도,부천시,33,30,65,2,2016-08-21,p1144371,1,1650,2016,8,1,0,,
c370258,2016-02-06,F,1976,경기도,부천시,40,40,209,6,2016-11-25,p1072601,1,4600,2016,11,1,0,2.0,6800.0
c312325,2014-04-02,F,1975,경기도,부천시,41,40,177,3,2016-07-04,p1012751,1,1250,2016,7,0,2,,
c314620,2014-04-25,F,1971,경기도,부천시,45,40,203,2,2016-08-08,p1005891,1,1950,2016,8,1,2,1.0,1000.0
c350918,2015-06-08,F,1968,경기도,부천시,48,40,53,1,2016-07-09,p1175481,1,1300,2016,7,1,1,3.0,22200.0
c395638,2016-12-18,F,1985,경기도,부천시,31,30,45,2,2016-12-21,p1052661,1,1455,2016,12,0,0,2.0,24802.0
c348181,2015-05-07,F,1972,경기도,부천시,44,40,123,3,2016-08-22,p1119071,3,3000,2016,8,0,1,4.0,53973.0
c385436,2016-08-03,F,1981,경기도,부천시,35,30,129,1,2016-08-03,p1175481,1,1170,2016,8,0,0,1.0,1850.0
c317556,2014-05-24,F,1981,경기도,부천시,35,30,49,3,2016-08-08,p1175481,1,1300,2016,8,0,2,2.0,15077.0
c363115,2015-11-06,F,1964,경기도,부천시,52,50,89,1,2016-09-26,p1284851,1,2750,2016,9,1,1,,
c364899,2015-11-28,F,1969,경기도,부천시,47,40,181,2,2016-07-25,p1030071,1,2050,2016,7,0,1,1.0,4400.0
c372461,2016-03-08,F,1986,경기도,부천시,30,30,223,6,2016-07-12,p1097821,1,909,2016,7,0,0,8.0,78608.0
c394161,2016-11-25,F,1959,경기도,부천시,57,50,51,1,2016-11-25,p1178011,1,8800,2016,11,0,0,2.0,13550.0
c305675,2014-01-11,F,1975,경기도,부천시,41,40,163,2,2016-10-17,p1162631,1,4600,2016,10,1,2,2.0,6500.0
c346490,2015-04-20,F,1979,경기도,부천시,37,30,123,2,2016-07-30,p1052661,1,1455,2016,7,1,1,1.0,1091.0
c362367,2015-10-28,F,1979,경기도,부천시,37,30,161,1,2016-10-12,p1072601,1,4600,2016,10,1,1,1.0,4600.0
c310164,2014-03-10,F,1953,경기도,부천시,63,60,73,2,2016-08-01,p1127201,1,3727,2016,8,1,2,,
c319464,2014-06-13,F,1983,경기도,부천시,33,30,145,1,2016-08-22,p1284851,1,2750,2016,8,0,2,1.0,4805.0
c366892,2015-12-26,F,1952,경기도,부천시,64,60,3,5,2016-07-16,p1233511,1,1900,2016,7,0,1,2.0,9080.0
c318713,2014-06-05,F,1983,경기도,부천시,33,30,177,1,2016-09-21,p1012751,1,1500,2016,9,0,2,4.0,23754.0
c322524,2014-07-16,F,1972,경기도,성남시,44,40,73,5,2016-07-01,p1149411,2,2000,2016,7,1,2,,
c349924,2015-05-28,F,1969,경기도,성남시,47,40,91,5,2016-07-26,p1246581,1,1136,2016,7,0,1,5.0,23715.0
c322759,2014-07-19,F,1981,경기도,성남시,35,30,75,2,2016-08-27,p1149411,1,1000,2016,8,1,2,,
c359395,2015-09-16,F,1979,경기도,성남시,37,30,113,2,2016-09-19,p1133371,2,2000,2016,9,1,1,,
c339128,2015-01-26,F,1980,경기도,성남시,36,30,83,1,2016-07-30,p1097821,1,1000,2016,7,0,1,,
c343734,2015-03-23,F,1972,경기도,성남시,44,40,27,2,2016-07-07,p1030071,1,2450,2016,7,0,1,2.0,7056.0
c385981,2016-08-11,F,1975,경기도,성남시,41,40,145,4,2016-08-11,p1284851,1,2475,2016,8,0,0,,
c394790,2016-12-05,F,1975,경기도,성남시,41,40,91,4,2016-12-11,p1256521,1,1850,2016,12,1,0,1.0,1850.0
c323642,2014-07-30,F,1976,경기도,성남시,40,40,39,3,2016-10-13,p1006411,1,1091,2016,10,0,2,1.0,1091.0
c360039,2015-09-25,F,1977,경기도,성남시,39,30,95,5,2016-10-13,p1097831,2,2910,2016,10,1,1,3.0,20516.0
c318849,2014-06-07,F,1980,경기도,성남시,36,30,125,1,2016-07-06,p1001771,3,10800,2016,7,0,2,14.0,37639.0
c350113,2015-05-30,M,1982,경기도,성남시,34,30,7,5,2016-09-24,p1133371,1,1000,2016,9,1,1,,
c352999,2015-06-30,F,1962,경기도,성남시,54,50,129,2,2016-07-09,p1012751,1,1250,2016,7,1,1,,
c394131,2016-11-24,F,1959,경기도,성남시,57,50,119,3,2016-11-24,p1005891,1,1950,2016,11,0,0,2.0,6770.0
c305065,2014-01-03,F,1967,경기도,성남시,49,40,63,1,2016-09-08,p1012751,1,1500,2016,9,0,2,1.0,1818.0
c352730,2015-06-26,F,1971,경기도,성남시,45,40,39,1,2016-07-04,p1144371,1,1250,2016,7,0,1,19.0,87601.0
c343446,2015-03-19,F,1989,경기도,성남시,27,20,93,1,2016-07-14,p1012641,1,1400,2016,7,0,1,,
c365956,2015-12-12,F,1961,경기도,성남시,55,50,207,1,2016-07-14,p1284851,1,2750,2016,7,0,1,6.0,43059.0
c380218,2016-06-01,F,1965,경기도,성남시,51,50,137,3,2016-07-22,p1005891,1,1950,2016,7,0,0,,
c317550,2014-05-24,F,1965,경기도,성남시,51,50,81,2,2016-07-08,p1100371,1,400,2016,7,0,2,1.0,600.0
c360455,2015-10-03,F,1969,경기도,성남시,47,40,199,2,2016-07-06,p1097821,1,1000,2016,7,0,1,10.0,45530.0
c341885,2015-03-02,F,1987,경기도,성남시,29,20,77,1,2016-07-16,p1149391,1,909,2016,7,1,1,,
c354515,2015-07-19,F,1983,경기도,성남시,33,30,147,7,2016-08-03,p1036481,1,1050,2016,8,1,1,,
c325075,2014-08-18,F,1969,경기도,성남시,47,40,163,3,2016-10-28,p1162631,1,3690,2016,10,0,2,1.0,3690.0
c357383,2015-08-26,F,1978,경기도,수원시,38,30,75,3,2016-07-04,p1133371,2,2000,2016,7,0,1,1.0,10800.0
c372059,2016-03-03,F,1986,경기도,수원시,30,30,135,8,2016-11-19,p1100371,4,1600,2016,11,0,0,1.0,1600.0
c305406,2014-01-07,F,1970,경기도,수원시,46,40,137,3,2016-07-19,p1012761,1,1900,2016,7,0,2,3.0,12650.0
c319857,2014-06-18,F,1980,경기도,수원시,36,30,11,3,2016-07-07,p1097591,1,600,2016,7,0,2,7.0,11950.0
c368084,2016-01-10,M,1983,경기도,수원시,33,30,57,3,2016-07-31,p1012751,1,1250,2016,7,0,0,7.0,129560.0
c310515,2014-03-12,F,1976,경기도,수원시,40,40,97,1,2016-07-23,p1030071,1,2050,2016,7,0,2,1.0,11850.0
c365676,2015-12-09,M,1976,경기도,수원시,40,40,231,3,2016-07-15,p1097821,1,909,2016,7,0,1,10.0,39073.0
c355980,2015-08-08,F,1975,경기도,수원시,41,40,207,4,2016-07-21,p1011291,1,273,2016,7,1,1,,
c376203,2016-04-17,F,1978,경기도,시흥시,38,30,29,1,2016-07-22,p1052661,2,2910,2016,7,0,0,2.0,700.0
c389635,2016-09-30,F,1991,경기도,시흥시,25,20,221,2,2016-09-30,p1100371,1,400,2016,9,1,0,3.0,11199.0
c354639,2015-07-20,F,1968,경기도,시흥시,48,40,63,1,2016-09-26,p1012751,1,1500,2016,9,0,1,2.0,5627.0
c345534,2015-04-09,F,1980,경기도,시흥시,36,30,183,4,2016-09-27,p1012641,1,1650,2016,9,1,1,,
c307527,2014-02-08,F,1979,경기도,시흥시,37,30,15,1,2016-07-08,p1097821,1,1000,2016,7,0,2,5.0,20660.0
c344309,2015-03-28,F,1967,경기도,시흥시,49,40,95,2,2016-08-06,p1006281,1,864,2016,8,0,1,4.0,5055.0
c306678,2014-01-25,F,1972,경기도,시흥시,44,40,73,2,2016-07-09,p1162631,1,4600,2016,7,0,2,1.0,2100.0
c378333,2016-05-12,F,1976,경기도,시흥시,40,40,133,6,2016-08-03,p1005771,1,1850,2016,8,0,0,1.0,1300.0
c383761,2016-07-12,F,1979,경기도,시흥시,37,30,67,12,2016-08-14,p1054261,1,2091,2016,8,0,0,3.0,22644.0
c321748,2014-07-09,F,1976,경기도,안산시,40,40,133,2,2016-07-03,p1005771,1,1850,2016,7,0,2,15.0,93157.0
c312668,2014-04-05,F,1972,경기도,안산시,44,40,95,1,2016-07-21,p1234751,1,909,2016,7,1,2,3.0,18110.0
c348103,2015-05-07,F,1979,경기도,안산시,37,30,141,1,2016-10-22,p1133371,1,1000,2016,10,1,1,1.0,3227.0
c387273,2016-08-29,F,1983,경기도,안산시,33,30,53,2,2016-10-20,p1175481,1,1300,2016,10,0,0,2.0,7000.0
c350776,2015-06-06,F,1983,경기도,안산시,33,30,81,4,2016-07-10,p1097591,1,600,2016,7,0,1,15.0,65708.0
c366686,2015-12-23,F,1981,경기도,안산시,35,30,213,5,2016-09-30,p1119071,1,1091,2016,9,0,1,1.0,5545.0
c317422,2014-05-23,F,1980,경기도,안산시,36,30,55,3,2016-08-24,p1005771,1,1850,2016,8,0,2,1.0,1455.0
c392240,2016-10-31,F,1988,경기도,안산시,28,20,229,4,2016-10-31,p1072601,1,4600,2016,10,0,0,2.0,5750.0
c352409,2015-06-23,F,1985,경기도,안산시,31,30,195,2,2016-07-13,p1175481,1,1300,2016,7,0,1,1.0,2000.0
c350641,2015-06-04,F,1967,경기도,안산시,49,40,77,1,2016-08-12,p1149381,1,1182,2016,8,0,1,,
c369369,2016-01-25,F,1968,경기도,안산시,48,40,123,13,2016-10-06,p1012951,4,7400,2016,10,0,0,12.0,96250.0
c325792,2014-08-26,F,1964,경기도,안산시,52,50,157,5,2016-08-25,p1005771,1,1850,2016,8,0,2,1.0,3150.0
c327775,2014-09-21,M,1955,경기도,안성시,61,60,113,1,2016-07-26,p1127201,2,7454,2016,7,0,2,1.0,1300.0
c368315,2016-01-12,M,1987,경기도,안성시,29,20,59,2,2016-10-11,p1052661,1,1455,2016,10,1,0,2.0,9741.0
c338921,2015-01-23,F,1958,경기도,안성시,58,50,177,1,2016-07-05,p1162631,1,4600,2016,7,0,1,3.0,12009.0
c346820,2015-04-22,F,1977,경기도,안성시,39,30,151,6,2016-09-26,p1006281,1,864,2016,9,1,1,,
c328823,2014-10-01,F,1982,경기도,안성시,34,30,133,1,2016-07-10,p1012751,1,1250,2016,7,0,2,7.0,32998.0
c317700,2014-05-26,F,1978,경기도,안성시,38,30,35,1,2016-09-20,p1013161,1,2950,2016,9,0,2,2.0,12800.0
c371753,2016-02-29,F,1966,경기도,안성시,50,50,169,2,2016-07-18,p1012761,1,1900,2016,7,1,0,,
c329288,2014-10-06,F,1978,경기도,안성시,38,30,23,5,2016-07-03,p1162631,1,4600,2016,7,1,2,3.0,18450.0
c319545,2014-06-15,M,1972,경기도,안성시,44,40,159,1,2016-07-07,p1149401,4,3636,2016,7,0,2,,
c325765,2014-08-25,F,1979,경기도,안성시,37,30,137,6,2016-09-06,p1256521,2,3300,2016,9,1,2,1.0,5377.0
c339456,2015-01-30,F,1979,경기도,안성시,37,30,273,2,2016-09-03,p1097591,1,570,2016,9,0,1,,
c304973,2014-01-02,F,1983,경기도,안성시,33,30,21,1,2016-07-14,p1005621,1,2900,2016,7,0,2,1.0,16900.0
c362980,2015-11-04,F,1985,경기도,안성시,31,30,23,1,2016-08-01,p1246581,2,2272,2016,8,0,1,1.0,20677.0
c362001,2015-10-23,F,1986,경기도,안성시,30,30,211,1,2016-09-27,p1012641,1,1650,2016,9,1,1,,
c366188,2015-12-15,F,1992,경기도,안성시,24,20,175,4,2016-07-05,p1011291,3,819,2016,7,0,1,2.0,6100.0
c344237,2015-03-27,F,1970,경기도,안성시,46,40,39,5,2016-11-30,p1012761,-1,-1900,2016,11,0,1,3.0,2750.0
c350834,2015-06-07,M,1970,경기도,안성시,46,40,31,3,2016-07-03,p1162631,1,4600,2016,7,1,1,,
c386206,2016-08-16,F,1988,경기도,안성시,28,20,57,2,2016-08-27,p1005891,1,1950,2016,8,1,0,,
c337898,2015-01-11,F,1973,경기도,안성시,43,40,49,2,2016-07-09,p1144371,1,1250,2016,7,1,1,,
c313364,2014-04-13,M,1983,경기도,안성시,33,30,185,1,2016-08-31,p1284851,1,2750,2016,8,1,2,5.0,11864.0
c324542,2014-08-12,F,1983,경기도,안성시,33,30,185,1,2016-09-05,p1133371,4,4000,2016,9,1,2,,
c367704,2016-01-06,F,1968,경기도,안성시,48,40,123,2,2016-09-22,p1256521,1,1850,2016,9,1,0,1.0,6550.0
c336644,2014-12-25,F,1980,경기도,안성시,36,30,233,2,2016-08-01,p1235451,1,1227,2016,8,0,2,6.0,24200.0
c366614,2015-12-22,F,1982,경기도,안성시,34,30,117,3,2016-07-12,p1175481,1,1300,2016,7,0,1,1.0,5001.0
c349783,2015-05-26,F,1973,경기도,안성시,43,40,59,1,2016-07-01,p1005891,2,3900,2016,7,0,1,2.0,7800.0
c317725,2014-05-26,F,1976,경기도,안성시,40,40,121,2,2016-07-04,p1052661,1,1455,2016,7,0,2,8.0,37280.0
c383040,2016-07-02,F,1942,경기도,안성시,74,70,135,1,2016-07-02,p1012761,1,1900,2016,7,1,0,,
c343594,2015-03-20,F,1984,경기도,안성시,32,30,37,1,2016-07-19,p1133371,2,2000,2016,7,0,1,1.0,8800.0
c312857,2014-04-07,F,1980,경기도,안성시,36,30,133,1,2016-07-06,p1012751,1,1250,2016,7,1,2,,
c393550,2016-11-16,F,1971,경기도,안성시,45,40,73,5,2016-11-23,p1097821,1,1000,2016,11,0,0,2.0,3811.0
c388454,2016-09-13,F,1969,경기도,안성시,47,40,49,1,2016-10-16,p1052661,1,1455,2016,10,0,0,3.0,6278.0
c359801,2015-09-22,F,1974,경기도,안성시,42,40,75,5,2016-07-25,p1001771,1,3600,2016,7,0,1,4.0,8620.0
c315666,2014-05-08,F,1980,경기도,안성시,36,30,185,2,2016-08-01,p1054261,1,2091,2016,8,0,2,4.0,5911.0
c330499,2014-10-18,F,1969,경기도,안성시,47,40,71,2,2016-07-23,p1072601,1,4600,2016,7,0,2,5.0,10270.0
c347991,2015-05-06,F,1975,경기도,안성시,41,40,119,1,2016-07-04,p1284851,1,2750,2016,7,0,1,16.0,69296.0
c358319,2015-09-04,F,1982,경기도,안성시,34,30,223,2,2016-07-19,p1030071,1,2050,2016,7,0,1,3.0,13845.0
c309712,2014-03-04,F,1971,경기도,안성시,45,40,207,3,2016-11-15,p1256521,1,1850,2016,11,0,2,1.0,10650.0
c342362,2015-03-06,F,1971,경기도,안성시,45,40,209,1,2016-11-01,p1178011,1,8800,2016,11,1,1,2.0,22200.0
c389630,2016-09-30,F,1970,경기도,안성시,46,40,25,2,2016-10-01,p1162631,1,3680,2016,10,1,0,1.0,7130.0
c314875,2014-04-28,F,1972,경기도,안성시,44,40,235,1,2016-09-05,p1089531,1,2000,2016,9,0,2,3.0,20838.0
c317750,2014-05-26,F,1979,경기도,안성시,37,30,65,1,2016-12-26,p1211951,1,2000,2016,12,1,2,1.0,5950.0
c317003,2014-05-20,F,1978,경기도,안성시,38,30,135,1,2016-07-18,p1152861,2,2182,2016,7,0,2,3.0,9084.0
c328839,2014-10-02,F,1978,경기도,안양시,38,30,59,7,2016-11-07,p1097591,1,600,2016,11,0,2,8.0,37738.0
c310506,2014-03-12,M,1972,경기도,안양시,44,40,181,1,2016-08-11,p1030071,1,2500,2016,8,0,2,3.0,32600.0
c331473,2014-10-28,F,1971,경기도,안양시,45,40,93,2,2016-08-19,p1235451,1,1091,2016,8,0,2,1.0,3300.0
c357740,2015-08-28,F,1981,경기도,안양시,35,30,65,1,2016-07-04,p1284851,1,2750,2016,7,0,1,5.0,21450.0
c382028,2016-06-22,F,1963,경기도,안양시,53,50,53,2,2016-10-06,p1013251,1,2500,2016,10,0,0,2.0,5450.0
c395401,2016-12-14,F,1964,경기도,안양시,52,50,49,1,2016-12-19,p1284851,2,5500,2016,12,0,0,2.0,9114.0
c351875,2015-06-17,F,1981,경기도,안양시,35,30,83,1,2016-12-21,p1012751,1,1480,2016,12,1,1,1.0,1480.0
c307471,2014-02-07,F,1956,경기도,안양시,60,60,67,4,2016-07-07,p1005891,5,9750,2016,7,0,2,3.0,42400.0
c318568,2014-06-04,F,1950,경기도,안양시,66,60,215,1,2016-10-20,p1005771,1,1850,2016,10,1,2,1.0,1850.0
c355007,2015-07-25,F,1985,경기도,안양시,31,30,69,1,2016-09-20,p1133371,2,2000,2016,9,1,1,1.0,900.0
c340285,2015-02-06,F,1986,경기도,안양시,30,30,137,1,2016-07-16,p1012951,1,1200,2016,7,0,1,2.0,11250.0
c385300,2016-08-01,F,1969,경기도,안양시,47,40,117,8,2016-08-01,p1284851,1,2511,2016,8,0,0,16.0,66188.0
c349167,2015-05-19,F,1982,경기도,안양시,34,30,93,2,2016-07-05,p1005771,1,1850,2016,7,1,1,,
c308113,2014-02-14,F,1958,경기도,안양시,58,50,91,2,2016-08-08,p1005771,3,5550,2016,8,1,2,1.0,1950.0
c349522,2015-05-22,F,1985,경기도,안양시,31,30,95,1,2016-08-02,p1005771,1,1850,2016,8,1,1,,
c339401,2015-01-29,F,1970,경기도,안양시,46,40,45,2,2016-09-11,p1144371,1,1650,2016,9,0,1,1.0,1850.0
c322763,2014-07-19,F,1982,경기도,안양시,34,30,71,1,2016-08-09,p1012641,1,1650,2016,8,0,2,3.0,7073.0
c330348,2014-10-16,F,1969,경기도,안양시,47,40,45,1,2016-09-14,p1211951,-5,-19250,2016,9,1,2,,
c350428,2015-06-02,F,1987,경기도,안양시,29,20,229,1,2016-11-07,p1089531,1,2000,2016,11,1,1,1.0,3450.0
c335275,2014-12-05,F,1982,경기도,안양시,34,30,97,2,2016-09-27,p1089531,1,2000,2016,9,1,2,,
c366582,2015-12-22,F,1984,경기도,안양시,32,30,17,1,2016-11-30,p1100371,1,400,2016,11,0,1,4.0,4770.0
c360040,2015-09-25,F,1975,경기도,안양시,41,40,333,8,2016-09-12,p1005891,1,1950,2016,9,1,1,2.0,12890.0
c314698,2014-04-25,F,1975,경기도,양평군,41,40,99,2,2016-08-05,p1149391,1,909,2016,8,0,2,3.0,4214.0
c333221,2014-11-12,F,1971,경기도,양평군,45,40,91,3,2016-11-08,p1178011,1,8800,2016,11,0,2,2.0,17600.0
c357553,2015-08-27,F,1962,경기도,양평군,54,50,29,4,2016-08-03,p1012761,1,1900,2016,8,0,1,2.0,17175.0
c374212,2016-03-25,F,1963,경기도,양평군,53,50,161,1,2016-10-17,p1175481,1,1300,2016,10,1,0,1.0,1300.0
c387389,2016-08-30,F,1983,경기도,양평군,33,30,105,3,2016-09-21,p1144661,1,1650,2016,9,1,0,,
c366063,2015-12-14,F,1970,경기도,용인시,46,40,105,2,2016-11-19,p1005891,1,1950,2016,11,1,1,1.0,10750.0
c345211,2015-04-06,F,1976,경기도,용인시,40,40,37,1,2016-08-09,p1100371,-4,-1600,2016,8,0,1,2.0,1600.0
c345378,2015-04-08,F,1979,경기도,용인시,37,30,149,2,2016-09-22,p1127201,1,3727,2016,9,0,1,1.0,21604.0
c385913,2016-08-10,F,1976,경기도,용인시,40,40,31,5,2016-11-02,p1175481,1,1300,2016,11,1,0,1.0,5250.0
c353769,2015-07-09,F,1974,경기도,용인시,42,40,71,4,2016-11-04,p1012751,1,1350,2016,11,1,1,1.0,7150.0
c324617,2014-08-12,F,1973,경기도,용인시,43,40,173,1,2016-10-07,p1133371,1,1000,2016,10,0,2,3.0,7305.0
c330165,2014-10-15,F,1963,경기도,용인시,53,50,185,1,2016-07-12,p1072601,1,4600,2016,7,0,2,3.0,13400.0
c353616,2015-07-07,F,1986,경기도,용인시,30,30,49,1,2016-07-07,p1012751,1,1250,2016,7,0,1,6.0,28877.0
c366903,2015-12-26,F,1982,경기도,용인시,34,30,41,3,2016-07-25,p1175481,1,1300,2016,7,1,1,,
c373441,2016-03-17,F,1977,경기도,용인시,39,30,111,3,2016-07-01,p1030071,1,2450,2016,7,0,0,3.0,17491.0
c385993,2016-08-12,F,1970,경기도,용인시,46,40,31,3,2016-10-06,p1175481,1,1300,2016,10,1,0,2.0,8330.0
c387126,2016-08-26,M,1981,경기도,용인시,35,30,121,1,2016-08-29,p1013161,1,2950,2016,8,1,0,,
c341151,2015-02-23,F,1982,경기도,용인시,34,30,115,5,2016-08-11,p1006281,1,864,2016,8,0,1,,
c363971,2015-11-17,F,1979,경기도,용인시,37,30,55,2,2016-11-13,p1175481,1,1150,2016,11,1,1,1.0,1150.0
c381717,2016-06-19,F,1980,경기도,용인시,36,30,15,1,2016-07-07,p1012761,1,1900,2016,7,1,0,1.0,1900.0
c318047,2014-05-29,F,1974,경기도,용인시,42,40,11,4,2016-07-12,p1012581,2,2100,2016,7,1,2,1.0,1300.0
c366873,2015-12-26,F,1964,경기도,용인시,52,50,45,2,2016-07-06,p1237811,1,8000,2016,7,0,1,1.0,1950.0
c335797,2014-12-13,F,1973,경기도,용인시,43,40,175,1,2016-09-21,p1012751,1,1500,2016,9,1,2,,
c384119,2016-07-15,F,1985,경기도,용인시,31,30,97,1,2016-07-23,p1012641,1,1400,2016,7,1,0,,
c371569,2016-02-26,F,1978,경기도,용인시,38,30,103,3,2016-09-02,p1256521,1,1660,2016,9,0,0,3.0,16860.0
c312280,2014-04-01,F,1979,경기도,용인시,37,30,91,2,2016-07-07,p1159481,-1,-1650,2016,7,0,2,11.0,55690.0
c315433,2014-05-06,F,1965,경기도,용인시,51,50,163,13,2016-07-28,p1175481,1,1300,2016,7,0,2,7.0,40850.0
c350980,2015-06-09,F,1982,경기도,용인시,34,30,49,6,2016-10-21,p1284851,1,2750,2016,10,0,1,3.0,6600.0
c364016,2015-11-18,F,1957,경기도,용인시,59,50,77,2,2016-08-20,p1175481,2,2600,2016,8,0,1,2.0,13600.0
c315780,2014-05-09,F,1972,경기도,용인시,44,40,183,2,2016-07-08,p1237811,2,13600,2016,7,0,2,10.0,24981.0
c349205,2015-05-19,F,1975,경기도,용인시,41,40,39,2,2016-09-08,p1012751,1,1500,2016,9,0,1,,
c394007,2016-11-23,F,1970,경기도,용인시,46,40,165,2,2016-12-31,p1097821,1,1000,2016,12,1,0,1.0,1000.0
c320672,2014-06-26,F,1981,경기도,용인시,35,30,203,2,2016-09-06,p1139681,1,909,2016,9,0,2,,
c342823,2015-03-12,F,1977,경기도,용인시,39,30,87,2,2016-07-04,p1200641,1,5200,2016,7,1,1,1.0,6150.0
c327488,2014-09-17,F,1980,경기도,용인시,36,30,175,2,2016-07-08,p1211951,1,1700,2016,7,0,2,16.0,59777.0
c364087,2015-11-19,F,1980,경기도,용인시,36,30,83,7,2016-08-05,p1012951,1,1400,2016,8,0,1,10.0,31236.0
c376722,2016-04-22,F,1985,경기도,용인시,31,30,133,4,2016-08-01,p1012951,1,1400,2016,8,0,0,2.0,2500.0
c340631,2015-02-11,F,1984,경기도,용인시,32,30,59,1,2016-07-06,p1246581,1,1136,2016,7,0,1,5.0,11668.0
c323397,2014-07-27,F,1979,경기도,용인시,37,30,165,1,2016-08-16,p1001771,1,3100,2016,8,1,2,,
c357756,2015-08-28,M,1978,경기도,용인시,38,30,113,4,2016-07-02,p1200641,1,5200,2016,7,1,1,2.0,3032.0
c329534,2014-10-08,M,1973,경기도,용인시,43,40,115,4,2016-08-03,p1284851,1,2750,2016,8,0,2,,
c309707,2014-03-04,F,1979,경기도,용인시,37,30,29,4,2016-12-03,p1030071,1,4700,2016,12,0,2,2.0,10750.0
c335766,2014-12-12,F,1983,경기도,의왕시,33,30,229,2,2016-10-19,p1097821,1,909,2016,10,1,2,1.0,3545.0
c339129,2015-01-26,M,1988,경기도,의왕시,28,20,83,3,2016-07-31,p1030071,1,2050,2016,7,0,1,3.0,47277.0
c345371,2015-04-07,F,1973,경기도,의왕시,43,40,131,1,2016-07-27,p1152861,2,2182,2016,7,0,1,15.0,114011.0
c356418,2015-08-14,F,1987,경기도,의왕시,29,20,217,1,2016-08-12,p1030071,1,2500,2016,8,0,1,,
c309111,2014-02-26,F,1976,경기도,의왕시,40,40,117,2,2016-08-28,p1162631,1,4600,2016,8,0,2,3.0,13680.0
c346882,2015-04-23,F,1967,경기도,의왕시,49,40,33,5,2016-07-13,p1256521,2,3700,2016,7,0,1,1.0,11650.0
c369284,2016-01-25,F,1966,경기도,의왕시,50,50,149,2,2016-08-05,p1284851,1,2750,2016,8,1,0,,
c385994,2016-08-12,F,1977,경기도,의왕시,39,30,19,2,2016-09-10,p1097821,1,909,2016,9,0,0,1.0,2728.0
c342774,2015-03-11,F,1973,경기도,의정부시,43,40,213,1,2016-07-06,p1235451,1,1227,2016,7,0,1,8.0,150184.0
c373957,2016-03-23,F,1981,경기도,파주시,35,30,45,3,2016-07-17,p1005771,1,1850,2016,7,1,0,,
c341675,2015-02-28,F,1986,경기도,파주시,30,30,51,2,2016-07-06,p1012951,1,1200,2016,7,1,1,1.0,7500.0
c352850,2015-06-29,F,1982,경기도,파주시,34,30,19,1,2016-10-11,p1211951,1,2500,2016,10,1,1,1.0,4450.0
c338923,2015-01-23,F,1981,경기도,파주시,35,30,13,2,2016-07-16,p1097831,1,1318,2016,7,1,1,,
c345428,2015-04-08,F,1960,경기도,파주시,56,50,109,4,2016-12-26,p1127201,1,3727,2016,12,1,1,1.0,3727.0
c335135,2014-12-04,F,1969,경기도,파주시,47,40,85,1,2016-08-10,p1175481,1,1300,2016,8,0,2,7.0,64559.0
c337102,2014-12-31,F,1972,경기도,파주시,44,40,89,3,2016-07-15,p1200641,1,4600,2016,7,0,2,,
c323726,2014-07-31,F,1993,경기도,파주시,23,20,203,1,2016-07-08,p1237811,1,6800,2016,7,1,2,,
c344952,2015-04-03,F,1970,경기도,파주시,46,40,87,2,2016-08-03,p1149381,1,1182,2016,8,0,1,2.0,15650.0
c318585,2014-06-04,F,1977,경기도,파주시,39,30,61,4,2016-07-29,p1005771,1,1850,2016,7,0,2,4.0,12955.0
c377969,2016-05-07,M,1956,경기도,평택시,60,60,89,1,2016-07-31,p1144371,1,1500,2016,7,0,0,2.0,8050.0
c396022,2016-12-23,F,1983,경기도,평택시,33,30,225,9,2016-12-23,p1052661,1,1455,2016,12,0,0,1.0,7955.0
c360632,2015-10-06,F,1972,경기도,하남시,44,40,75,2,2016-07-16,p1200641,1,4600,2016,7,0,1,,
c357165,2015-08-24,F,1972,경기도,하남시,44,40,115,2,2016-07-13,p1052661,2,2636,2016,7,0,1,1.0,1545.0
c350577,2015-06-04,F,1967,경기도,하남시,49,40,121,4,2016-07-20,p1036481,2,2100,2016,7,0,1,3.0,10000.0
c369132,2016-01-22,F,1971,경기도,하남시,45,40,45,4,2016-07-13,p1054261,1,1864,2016,7,0,0,4.0,21947.0
c335053,2014-12-03,F,1977,경기도,화성시,39,30,45,10,2016-07-10,p1127201,1,3727,2016,7,0,2,18.0,127590.0
c377127,2016-04-26,F,1966,경기도,화성시,50,50,61,1,2016-07-08,p1237811,1,6800,2016,7,0,0,,
c347501,2015-04-29,F,1975,광주광역시,광산구,41,40,37,5,2016-08-18,p1089531,1,2000,2016,8,1,1,2.0,1855.0
c383085,2016-07-03,F,1960,광주광역시,광산구,56,50,107,1,2016-07-20,p1072601,1,4600,2016,7,0,0,2.0,6050.0
c395673,2016-12-19,F,1972,대구광역시,북구,44,40,41,5,2016-12-19,p1030071,1,4200,2016,12,0,0,1.0,4200.0
c336439,2014-12-23,F,1980,서울특별시,관악구,36,30,101,3,2016-07-04,p1013161,1,2950,2016,7,0,2,11.0,41881.0
c341209,2015-02-23,M,1944,서울특별시,도봉구,72,70,267,6,2016-07-18,p1012881,1,1600,2016,7,0,1,5.0,50485.0
c339526,2015-01-30,M,1984,서울특별시,동작구,32,30,175,2,2016-09-03,p1284851,1,2470,2016,9,1,1,1.0,8000.0
c331210,2014-10-25,M,1971,서울특별시,동작구,45,40,85,3,2016-10-08,p1012751,1,1500,2016,10,1,2,1.0,2955.0
c341095,2015-02-21,F,1976,서울특별시,동작구,40,40,137,2,2016-08-08,p1133371,1,1000,2016,8,0,1,,
c305733,2014-01-12,F,1975,서울특별시,성북구,41,40,145,2,2016-08-10,p1144371,1,1500,2016,8,0,2,5.0,23850.0
c367093,2015-12-29,F,1985,서울특별시,영등포구,31,30,147,1,2016-07-02,p1175481,1,1300,2016,7,0,1,1.0,11750.0
c335380,2014-12-08,F,1984,서울특별시,영등포구,32,30,21,1,2016-07-06,p1036481,1,840,2016,7,0,2,2.0,8130.0
c349846,2015-05-27,F,1970,서울특별시,중랑구,46,40,157,3,2016-07-26,p1005891,1,1950,2016,7,0,1,3.0,15100.0
c373485,2016-03-18,F,1974,서울특별시,강남구,42,40,11,3,2016-08-25,p1175481,1,1300,2016,8,1,0,,
c307396,2014-02-06,F,1984,서울특별시,강남구,32,30,15,1,2016-07-15,p1013251,1,1650,2016,7,1,2,,
c392656,2016-11-05,F,1975,서울특별시,강남구,41,40,79,5,2016-11-20,p1211951,1,2250,2016,11,0,0,2.0,11332.0
c352212,2015-06-22,F,1973,서울특별시,강북구,43,40,101,1,2016-07-05,p1152861,1,1091,2016,7,0,1,17.0,89634.0
c341192,2015-02-23,F,1973,서울특별시,강북구,43,40,69,1,2016-07-07,p1005891,1,1950,2016,7,0,1,8.0,37700.0
c316640,2014-05-16,F,1975,서울특별시,강북구,41,40,25,2,2016-12-06,p1005891,1,1850,2016,12,0,2,1.0,3940.0
c357766,2015-08-29,F,1985,서울특별시,강서구,31,30,73,3,2016-07-27,p1012881,1,1600,2016,7,1,1,,
c388924,2016-09-22,F,1989,서울특별시,강서구,27,20,63,3,2016-09-24,p1012751,1,1500,2016,9,1,0,,
c338151,2015-01-13,F,1979,서울특별시,강서구,37,30,171,1,2016-07-05,p1233511,1,1900,2016,7,1,1,4.0,20132.0
c381859,2016-06-20,F,1972,서울특별시,강서구,44,40,7,4,2016-08-13,p1012881,1,1600,2016,8,0,0,1.0,5150.0
c345759,2015-04-12,F,1985,서울특별시,강서구,31,30,51,2,2016-07-31,p1054261,2,4182,2016,7,1,1,,
c352010,2015-06-18,F,1973,서울특별시,강서구,43,40,163,1,2016-07-21,p1100371,5,2000,2016,7,0,1,,
c366335,2015-12-17,F,1967,서울특별시,관악구,49,40,99,1,2016-07-07,p1013161,2,5900,2016,7,0,1,,
c366330,2015-12-17,F,1983,서울특별시,관악구,33,30,123,4,2016-07-09,p1200641,1,5200,2016,7,0,1,2.0,15500.0
c352739,2015-06-27,F,1967,서울특별시,관악구,49,40,27,7,2016-07-08,p1005891,1,1950,2016,7,0,1,5.0,25150.0
c305167,2014-01-05,F,1982,서울특별시,관악구,34,30,81,4,2016-07-07,p1191881,1,1750,2016,7,0,2,7.0,25773.0
c315289,2014-05-02,F,1979,서울특별시,관악구,37,30,65,1,2016-11-06,p1052661,1,1455,2016,11,0,2,1.0,3755.0
c320617,2014-06-26,F,1977,서울특별시,관악구,39,30,75,2,2016-07-18,p1005621,1,2900,2016,7,0,2,3.0,13400.0
c341245,2015-02-23,F,1982,서울특별시,관악구,34,30,95,3,2016-07-04,p1162631,1,4600,2016,7,0,1,9.0,69108.0
c349063,2015-05-18,F,1974,서울특별시,관악구,42,40,91,1,2016-07-09,p1175481,1,1300,2016,7,0,1,4.0,17392.0
c321209,2014-07-03,F,1980,서울특별시,관악구,36,30,27,1,2016-07-25,p1052661,1,1455,2016,7,0,2,11.0,32005.0
c319179,2014-06-11,F,1965,서울특별시,관악구,51,50,15,5,2016-08-04,p1012581,1,1050,2016,8,1,2,,
c309295,2014-02-28,F,1980,서울특별시,관악구,36,30,79,2,2016-10-11,p1012761,1,1900,2016,10,0,2,4.0,13520.0
c359069,2015-09-13,F,1975,서울특별시,관악구,41,40,37,1,2016-09-17,p1127201,1,3727,2016,9,0,1,3.0,12727.0
c378428,2016-05-12,F,1984,서울특별시,관악구,32,30,39,3,2016-07-17,p1006411,1,1091,2016,7,0,0,2.0,7927.0
c354828,2015-07-23,F,1969,서울특별시,광진구,47,40,125,2,2016-07-11,p1256521,1,1850,2016,7,1,1,2.0,3150.0
c312835,2014-04-07,F,1981,서울특별시,구로구,35,30,35,4,2016-08-13,p1133371,3,3000,2016,8,0,2,,
c360710,2015-10-06,F,1982,서울특별시,구로구,34,30,5,1,2016-07-04,p1233511,1,1900,2016,7,0,1,2.0,3700.0
c367261,2015-12-31,F,1967,서울특별시,구로구,49,40,109,3,2016-12-03,p1005771,1,1850,2016,12,1,1,1.0,12600.0
c305163,2014-01-05,F,1975,서울특별시,구로구,41,40,113,1,2016-07-03,p1231011,2,1818,2016,7,0,2,7.0,31784.0
c316754,2014-05-18,M,1974,서울특별시,구로구,42,40,15,6,2016-07-17,p1005771,1,1850,2016,7,0,2,2.0,5300.0
c314143,2014-04-21,F,1980,서울특별시,노원구,36,30,39,2,2016-07-12,p1005621,1,2900,2016,7,1,2,,
c383611,2016-07-10,F,1989,서울특별시,노원구,27,20,167,1,2016-07-19,p1001771,1,3600,2016,7,1,0,,
c329445,2014-10-08,M,1975,서울특별시,도봉구,41,40,103,3,2016-07-09,p1072601,2,9200,2016,7,0,2,6.0,63600.0
c392672,2016-11-05,F,1977,서울특별시,도봉구,39,30,49,6,2016-12-24,p1119071,2,2182,2016,12,1,0,1.0,2182.0
c385259,2016-08-01,F,1994,서울특별시,동대문구,22,20,27,2,2016-08-01,p1256521,1,1665,2016,8,0,0,12.0,55127.0
c328698,2014-09-30,F,1983,서울특별시,동작구,33,30,155,1,2016-07-07,p1246581,2,2272,2016,7,0,2,16.0,70319.0
c392058,2016-10-29,F,1954,서울특별시,동작구,62,60,127,7,2016-11-12,p1235451,1,1227,2016,11,0,0,4.0,15981.0
c338224,2015-01-14,F,1969,서울특별시,동작구,47,40,255,1,2016-10-31,p1178011,1,7200,2016,10,0,1,3.0,20320.0
c351898,2015-06-17,F,1974,서울특별시,동작구,42,40,81,1,2016-07-04,p1175481,1,1300,2016,7,0,1,2.0,6300.0
c368109,2016-01-10,M,1984,서울특별시,동작구,32,30,73,11,2016-10-26,p1001771,1,3100,2016,10,0,0,5.0,31250.0
c368172,2016-01-11,F,1977,서울특별시,동작구,39,30,69,5,2016-07-27,p1119071,2,2182,2016,7,0,0,2.0,11114.0
c320790,2014-06-27,F,1984,서울특별시,동작구,32,30,133,3,2016-10-03,p1235451,1,1227,2016,10,1,2,1.0,10327.0
c345084,2015-04-05,M,1983,서울특별시,동작구,33,30,27,1,2016-07-24,p1200641,1,4600,2016,7,1,1,,
c319923,2014-06-18,F,1961,서울특별시,동작구,55,50,27,3,2016-07-17,p1200641,1,4600,2016,7,0,2,9.0,32050.0
c321689,2014-07-08,M,1979,서울특별시,동작구,37,30,109,2,2016-12-01,p1127201,1,3727,2016,12,0,2,3.0,3727.0
c340251,2015-02-06,F,1971,서울특별시,동작구,45,40,47,6,2016-07-13,p1237811,1,8000,2016,7,0,1,1.0,1900.0
c363992,2015-11-18,F,1979,서울특별시,동작구,37,30,55,2,2016-08-12,p1006281,1,864,2016,8,0,1,,
c345390,2015-04-08,F,1972,서울특별시,동작구,44,40,91,2,2016-10-10,p1005891,1,1950,2016,10,0,1,3.0,21050.0
c362576,2015-10-30,F,1972,서울특별시,동작구,44,40,111,2,2016-07-07,p1119071,2,2182,2016,7,0,1,2.0,2759.0
c319841,2014-06-18,M,1971,서울특별시,동작구,45,40,91,2,2016-08-17,p1175481,1,1300,2016,8,1,2,2.0,11250.0
c365181,2015-12-02,F,1970,서울특별시,동작구,46,40,31,3,2016-08-24,p1284851,1,2750,2016,8,0,1,3.0,19482.0
c350273,2015-06-01,F,1977,서울특별시,동작구,39,30,99,3,2016-07-19,p1175481,1,1300,2016,7,1,1,2.0,3400.0
c356352,2015-08-13,F,1963,서울특별시,동작구,53,50,161,11,2016-09-28,p1006411,1,1091,2016,9,1,1,,
c366906,2015-12-26,F,1971,서울특별시,동작구,45,40,47,5,2016-08-30,p1005771,1,1850,2016,8,0,1,3.0,7900.0
c324125,2014-08-06,F,1970,서울특별시,동작구,46,40,241,9,2016-07-18,p1100371,4,1600,2016,7,0,2,2.0,8000.0
c314205,2014-04-22,F,1969,서울특별시,동작구,47,40,103,2,2016-07-22,p1012581,1,1050,2016,7,0,2,9.0,43114.0
c306206,2014-01-17,M,1973,서울특별시,마포구,43,40,87,2,2016-09-03,p1089531,1,1900,2016,9,0,2,1.0,1850.0
c387185,2016-08-27,F,1970,서울특별시,마포구,46,40,117,7,2016-08-27,p1072601,1,4600,2016,8,1,0,,
c349025,2015-05-18,F,1956,서울특별시,마포구,60,60,27,4,2016-07-30,p1233511,1,1900,2016,7,1,1,,
c371209,2016-02-22,F,1976,서울특별시,마포구,40,40,199,6,2016-11-23,p1119071,1,1091,2016,11,1,0,1.0,2546.0
c373673,2016-03-20,F,1983,서울특별시,마포구,33,30,175,3,2016-07-27,p1005891,1,1950,2016,7,0,0,,
c342149,2015-03-05,F,1977,서울특별시,마포구,39,30,207,1,2016-09-28,p1149401,1,818,2016,9,0,1,,
c347836,2015-05-04,F,1979,서울특별시,마포구,37,30,107,1,2016-09-06,p1100371,1,400,2016,9,0,1,,
c310596,2014-03-13,F,1979,서울특별시,마포구,37,30,141,2,2016-07-04,p1013161,1,2950,2016,7,0,2,13.0,61780.0
c369179,2016-01-22,F,1984,서울특별시,마포구,32,30,175,1,2016-09-20,p1159481,1,1850,2016,9,1,0,,
c366986,2015-12-28,F,1973,서울특별시,마포구,43,40,13,4,2016-08-08,p1144371,1,1500,2016,8,0,1,3.0,7355.0
c305393,2014-01-07,F,1979,서울특별시,마포구,37,30,9,3,2016-07-17,p1005771,1,1850,2016,7,0,2,3.0,7864.0
c374619,2016-03-30,F,1976,서울특별시,마포구,40,40,111,7,2016-07-15,p1200641,1,4600,2016,7,1,0,1.0,2991.0
c357801,2015-08-29,F,1983,서울특별시,마포구,33,30,193,2,2016-07-19,p1159481,1,1650,2016,7,0,1,8.0,34400.0
c331217,2014-10-26,F,1982,서울특별시,마포구,34,30,139,1,2016-07-04,p1211951,1,1700,2016,7,0,2,7.0,166734.0
c338238,2015-01-14,F,1977,서울특별시,마포구,39,30,159,1,2016-07-14,p1012761,1,1900,2016,7,0,1,7.0,40200.0
c310143,2014-03-10,F,1977,서울특별시,서대문구,39,30,103,2,2016-10-30,p1256521,1,1850,2016,10,1,2,1.0,1850.0
c342764,2015-03-11,F,1973,서울특별시,서대문구,43,40,221,2,2016-08-26,p1005771,1,1850,2016,8,1,1,,
c386397,2016-08-18,F,1976,서울특별시,서대문구,40,40,93,4,2016-08-23,p1119071,2,2000,2016,8,1,0,,
c308419,2014-02-18,F,1962,서울특별시,서초구,54,50,125,2,2016-07-05,p1052661,1,1455,2016,7,0,2,1.0,3727.0
c313636,2014-04-16,F,1973,서울특별시,서초구,43,40,25,2,2016-12-30,p1005891,1,1950,2016,12,0,2,1.0,1950.0
c358409,2015-09-06,F,1985,서울특별시,성동구,31,30,241,3,2016-09-28,p1005771,1,1850,2016,9,0,1,1.0,1850.0
c361375,2015-10-15,F,1975,서울특별시,성동구,41,40,203,1,2016-11-07,p1012751,1,1350,2016,11,0,1,1.0,3200.0
c307057,2014-02-03,F,1976,서울특별시,성동구,40,40,173,2,2016-07-25,p1052661,1,1455,2016,7,0,2,2.0,3550.0
c345078,2015-04-04,F,1977,서울특별시,성북구,39,30,43,1,2016-07-02,p1127201,1,3727,2016,7,0,1,2.0,16854.0
c348907,2015-05-15,F,1964,서울특별시,성북구,52,50,65,8,2016-07-16,p1005621,1,2900,2016,7,0,1,4.0,29697.0
c310170,2014-03-10,F,1973,서울특별시,성북구,43,40,65,7,2016-12-24,p1194801,1,8370,2016,12,1,2,1.0,13770.0
c312185,2014-04-01,F,1974,서울특별시,성북구,42,40,61,5,2016-07-25,p1072601,1,4600,2016,7,0,2,10.0,97210.0
c373217,2016-03-15,F,1956,서울특별시,송파구,60,60,257,3,2016-09-02,p1012751,1,1380,2016,9,1,0,1.0,4900.0
c307070,2014-02-03,M,1978,서울특별시,송파구,38,30,143,2,2016-07-05,p1152861,1,1091,2016,7,0,2,22.0,89697.0
c366727,2015-12-23,F,1987,서울특별시,송파구,29,20,107,3,2016-12-08,p1097821,2,2000,2016,12,1,1,1.0,2000.0
c323588,2014-07-29,F,1960,서울특별시,양천구,56,50,137,1,2016-12-20,p1012641,1,1450,2016,12,1,2,1.0,4600.0
c350495,2015-06-03,F,1974,서울특별시,양천구,42,40,127,10,2016-08-11,p1175481,1,1300,2016,8,1,1,4.0,12500.0
c355876,2015-08-06,F,1982,서울특별시,양천구,34,30,125,1,2016-07-17,p1005771,1,1850,2016,7,0,1,1.0,1227.0
c345762,2015-04-12,F,1991,서울특별시,양천구,25,20,119,1,2016-07-09,p1237811,1,8000,2016,7,0,1,2.0,11100.0
c339321,2015-01-28,F,1988,서울특별시,양천구,28,20,15,2,2016-07-14,p1144371,2,2500,2016,7,0,1,1.0,1850.0
c395106,2016-12-09,F,1979,서울특별시,영등포구,37,30,63,2,2016-12-09,p1255281,4,4728,2016,12,0,0,1.0,36556.0
c367111,2015-12-29,F,1974,서울특별시,영등포구,42,40,3,3,2016-09-20,p1284851,2,5500,2016,9,1,1,,
c349755,2015-05-26,F,1963,서울특별시,영등포구,53,50,77,1,2016-11-18,p1178011,1,8800,2016,11,0,1,1.0,10100.0
c317858,2014-05-27,F,1974,서울특별시,용산구,42,40,109,1,2016-07-04,p1012761,1,1900,2016,7,0,2,12.0,38340.0
c320832,2014-06-29,F,1985,서울특별시,용산구,31,30,33,7,2016-07-22,p1179241,2,2800,2016,7,1,2,,
c388365,2016-09-12,F,1984,서울특별시,용산구,32,30,189,1,2016-10-14,p1097591,1,600,2016,10,1,0,1.0,3100.0
c356063,2015-08-10,F,1980,서울특별시,은평구,36,30,137,2,2016-07-11,p1005891,1,1950,2016,7,0,1,3.0,14391.0
c343724,2015-03-23,F,1954,서울특별시,은평구,62,60,99,3,2016-07-23,p1162631,1,4600,2016,7,0,1,3.0,13800.0
c349544,2015-05-23,F,1984,서울특별시,은평구,32,30,9,1,2016-10-29,p1175481,1,1300,2016,10,1,1,1.0,1300.0
c389262,2016-09-27,F,1975,서울특별시,은평구,41,40,53,1,2016-09-29,p1207281,1,3450,2016,9,1,0,2.0,8750.0
c324796,2014-08-14,F,1977,서울특별시,은평구,39,30,75,7,2016-10-24,p1013161,1,2950,2016,10,0,2,1.0,5950.0
c389970,2016-10-05,F,1980,서울특별시,은평구,36,30,107,2,2016-10-05,p1052661,1,1455,2016,10,0,0,6.0,16396.0
c306719,2014-01-26,F,1969,서울특별시,은평구,47,40,101,1,2016-08-28,p1012751,1,1380,2016,8,1,2,,
c377588,2016-05-02,F,1980,서울특별시,은평구,36,30,9,3,2016-07-03,p1159481,1,1650,2016,7,0,0,6.0,20000.0
c314136,2014-04-21,F,1985,서울특별시,은평구,31,30,37,3,2016-07-05,p1133371,5,5000,2016,7,0,2,20.0,189012.0
c325191,2014-08-19,F,1986,서울특별시,은평구,30,30,5,7,2016-09-26,p1012951,1,1850,2016,9,0,2,4.0,12505.0
c337168,2015-01-02,F,1986,서울특별시,은평구,30,30,103,2,2016-10-25,p1100371,3,1200,2016,10,1,1,1.0,1200.0
c384183,2016-07-17,F,1980,서울특별시,은평구,36,30,53,7,2016-07-17,p1012951,1,1200,2016,7,0,0,4.0,21750.0
c341734,2015-03-01,F,1971,서울특별시,종로구,45,40,13,1,2016-08-28,p1175481,1,1300,2016,8,1,1,1.0,5400.0
c316488,2014-05-15,F,1978,서울특별시,종로구,38,30,93,1,2016-07-06,p1012751,1,1250,2016,7,0,2,10.0,30127.0
c317547,2014-05-24,M,1979,서울특별시,종로구,37,30,141,1,2016-07-06,p1030071,1,2450,2016,7,0,2,7.0,18451.0
c341969,2015-03-03,F,1977,서울특별시,종로구,39,30,77,2,2016-07-10,p1012751,1,1250,2016,7,0,1,14.0,70514.0
c377720,2016-05-03,F,1982,서울특별시,종로구,34,30,53,10,2016-07-12,p1001771,1,3600,2016,7,0,0,1.0,6700.0
c395272,2016-12-12,F,1980,서울특별시,종로구,36,30,131,2,2016-12-20,p1179241,1,1750,2016,12,0,0,2.0,7750.0
c393450,2016-11-15,F,1949,서울특별시,종로구,67,60,127,1,2016-11-19,p1012751,1,1350,2016,11,1,0,7.0,23991.0
c323884,2014-08-02,F,1979,서울특별시,종로구,37,30,157,2,2016-07-25,p1012641,1,1650,2016,7,0,2,6.0,17791.0
c368121,2016-01-11,F,1977,서울특별시,종로구,39,30,109,1,2016-07-04,p1097831,1,1455,2016,7,1,0,,
c334413,2014-11-25,F,1984,서울특별시,종로구,32,30,103,4,2016-07-27,p1234751,1,909,2016,7,0,2,1.0,8740.0
c333731,2014-11-18,F,1972,서울특별시,종로구,44,40,113,3,2016-11-08,p1256521,1,1650,2016,11,0,2,1.0,3100.0
c384268,2016-07-18,F,1979,서울특별시,종로구,37,30,179,1,2016-07-20,p1200641,1,4600,2016,7,1,0,2.0,11150.0
c358320,2015-09-04,F,1978,서울특별시,종로구,38,30,75,1,2016-07-09,p1200641,1,5200,2016,7,0,1,5.0,11645.0
c371226,2016-02-22,F,1979,서울특별시,종로구,37,30,57,1,2016-07-18,p1211951,2,3400,2016,7,1,0,1.0,1000.0
c312278,2014-04-01,F,1981,서울특별시,종로구,35,30,189,2,2016-07-07,p1052661,1,1455,2016,7,1,2,,
c319603,2014-06-16,F,1982,서울특별시,종로구,34,30,39,5,2016-07-27,p1246581,2,2272,2016,7,1,2,2.0,7032.0
c386641,2016-08-22,F,1953,서울특별시,중구,63,60,43,3,2016-08-23,p1006281,2,1728,2016,8,0,0,,
c342059,2015-03-04,F,1969,서울특별시,중구,47,40,111,2,2016-07-26,p1234751,1,909,2016,7,0,1,4.0,29520.0
c312420,2014-04-02,F,1978,서울특별시,중랑구,38,30,133,2,2016-07-01,p1097591,2,1200,2016,7,0,2,17.0,57869.0
c347118,2015-04-25,F,1955,서울특별시,중랑구,61,60,41,1,2016-07-26,p1175481,1,1300,2016,7,0,1,1.0,1950.0
c362298,2015-10-27,F,1981,서울특별시,중랑구,35,30,53,2,2016-08-15,p1235451,1,1091,2016,8,1,1,,
c346321,2015-04-17,F,1978,서울특별시,중랑구,38,30,147,9,2016-10-15,p1013161,1,2950,2016,10,0,1,1.0,2950.0
c389199,2016-09-26,F,1987,서울특별시,은평구진관20상림마을은평뉴타운,29,20,111,1,2016-09-26,p1207951,1,3750,2016,9,0,0,5.0,16977.0
c343257,2015-03-17,F,1974,인천광역시,동구,42,40,129,2,2016-07-03,p1012881,1,1600,2016,7,0,1,15.0,60625.0
c343044,2015-03-16,F,1966,인천광역시,부평구,50,50,3,2,2016-07-19,p1175481,1,1300,2016,7,1,1,1.0,1050.0
c334534,2014-11-26,M,1978,인천광역시,연수구,38,30,189,1,2016-07-16,p1233511,1,1900,2016,7,1,2,,
c348709,2015-05-14,F,1979,인천광역시,중구,37,30,81,4,2016-07-04,p1012881,1,1600,2016,7,0,1,6.0,49458.0
c387391,2016-08-30,F,1972,인천광역시,계양구,44,40,77,1,2016-09-04,p1175481,1,1300,2016,9,1,0,,
c328828,2014-10-01,F,1977,인천광역시,계양구,39,30,49,2,2016-08-05,p1052661,1,1455,2016,8,0,2,5.0,18890.0
c354434,2015-07-17,F,1962,인천광역시,계양구,54,50,3,1,2016-08-19,p1030071,1,2500,2016,8,0,1,,
c330406,2014-10-17,M,1982,인천광역시,계양구,34,30,27,7,2016-07-01,p1284851,1,2750,2016,7,0,2,3.0,3092.0
c345702,2015-04-10,F,1983,인천광역시,계양구,33,30,141,2,2016-12-05,p1194801,1,9300,2016,12,1,1,1.0,10300.0
c316463,2014-05-15,F,1977,인천광역시,계양구,39,30,35,5,2016-12-04,p1175481,1,1300,2016,12,1,2,1.0,4050.0
c365400,2015-12-04,F,1951,인천광역시,계양구,65,60,51,3,2016-07-10,p1072601,1,4600,2016,7,1,1,1.0,1950.0
c308266,2014-02-17,F,1979,인천광역시,계양구,37,30,15,1,2016-08-14,p1097821,3,3000,2016,8,1,2,,
c337999,2015-01-12,F,1977,인천광역시,계양구,39,30,33,6,2016-07-01,p1284851,1,2750,2016,7,0,1,22.0,93637.0
c328709,2014-10-01,F,1981,인천광역시,계양구,35,30,15,4,2016-07-04,p1175481,1,1300,2016,7,0,2,1.0,6345.0
c362266,2015-10-27,F,1981,인천광역시,계양구,35,30,59,1,2016-10-12,p1211951,1,2500,2016,10,0,1,4.0,28859.0
c309773,2014-03-05,M,1973,인천광역시,계양구,43,40,41,1,2016-07-07,p1237811,1,8000,2016,7,0,2,4.0,24250.0
c376397,2016-04-19,F,1984,인천광역시,계양구,32,30,75,5,2016-07-08,p1005771,1,1850,2016,7,0,0,5.0,19580.0
c352349,2015-06-23,F,1973,인천광역시,계양구,43,40,131,1,2016-09-26,p1006281,100,86400,2016,9,1,1,,
c378004,2016-05-08,F,1948,인천광역시,계양구,68,60,177,1,2016-11-21,p1178011,1,8800,2016,11,0,0,1.0,8800.0
c346100,2015-04-15,F,1964,인천광역시,계양구,52,50,3,13,2016-12-22,p1072601,1,4600,2016,12,1,1,1.0,8950.0
c305608,2014-01-10,F,1980,인천광역시,계양구,36,30,203,3,2016-07-12,p1139701,1,1045,2016,7,1,2,1.0,3908.0
c365954,2015-12-12,F,1985,인천광역시,계양구,31,30,11,11,2016-09-05,p1284851,1,2750,2016,9,1,1,1.0,4520.0
c334919,2014-12-02,F,1971,인천광역시,계양구,45,40,61,1,2016-07-03,p1072601,1,4600,2016,7,0,2,2.0,14855.0
c385317,2016-08-01,F,1984,인천광역시,계양구,32,30,15,4,2016-08-15,p1284851,1,2750,2016,8,0,0,1.0,1900.0
c396059,2016-12-24,F,1962,인천광역시,계양구,54,50,109,2,2016-12-24,p1194801,1,8370,2016,12,0,0,1.0,10320.0
c309850,2014-03-06,F,1987,인천광역시,계양구,29,20,125,2,2016-07-05,p1233511,1,1900,2016,7,0,2,10.0,44405.0
c390262,2016-10-09,F,1967,인천광역시,남구,49,40,95,1,2016-10-09,p1012751,1,1500,2016,10,0,0,5.0,36350.0
c393823,2016-11-21,F,1984,인천광역시,남구,32,30,35,2,2016-12-14,p1175481,1,1300,2016,12,0,0,2.0,7750.0
c305176,2014-01-05,F,1976,인천광역시,남구,40,40,249,1,2016-08-16,p1284851,1,2750,2016,8,0,2,1.0,4600.0
c337211,2015-01-02,F,1975,인천광역시,남구,41,40,29,3,2016-08-09,p1144371,2,3000,2016,8,0,1,2.0,9900.0
c305120,2014-01-04,F,1982,인천광역시,남구,34,30,109,4,2016-07-30,p1012751,1,1250,2016,7,0,2,4.0,15282.0
c305143,2014-01-04,F,1981,인천광역시,남구,35,30,11,2,2016-08-01,p1005771,1,1850,2016,8,0,2,10.0,69503.0
c324061,2014-08-05,F,1992,인천광역시,남구,24,20,151,2,2016-07-05,p1246581,1,1136,2016,7,0,2,2.0,5750.0
c326331,2014-09-01,F,1995,인천광역시,남구,21,20,227,1,2016-09-23,p1284851,1,2750,2016,9,0,2,2.0,4841.0
c359081,2015-09-13,F,1972,인천광역시,남구,44,40,11,1,2016-07-10,p1030071,1,2450,2016,7,1,1,,
c333911,2014-11-20,F,1979,인천광역시,남동구,37,30,107,9,2016-07-01,p1011291,2,546,2016,7,1,2,9.0,33350.0
c346952,2015-04-23,M,1965,인천광역시,남동구,51,50,171,4,2016-07-04,p1159481,1,1650,2016,7,0,1,13.0,46500.0
c378497,2016-05-13,F,1973,인천광역시,남동구,43,40,105,1,2016-11-24,p1127201,1,3727,2016,11,1,0,1.0,3727.0
c309376,2014-03-01,F,1986,인천광역시,남동구,30,30,47,7,2016-10-24,p1036481,1,1050,2016,10,1,2,2.0,9350.0
c311266,2014-03-21,F,1961,인천광역시,남동구,55,50,149,4,2016-07-29,p1097821,1,1000,2016,7,0,2,,
c384271,2016-07-18,F,1980,인천광역시,남동구,36,30,149,1,2016-10-27,p1005891,1,1950,2016,10,0,0,4.0,25153.0
c336640,2014-12-25,M,1990,인천광역시,남동구,26,20,185,1,2016-11-04,p1006411,1,1091,2016,11,1,2,1.0,1091.0
c340498,2015-02-10,F,1969,인천광역시,남동구,47,40,147,1,2016-07-20,p1012761,1,1900,2016,7,0,1,3.0,5900.0
c357569,2015-08-27,F,1981,인천광역시,남동구,35,30,143,2,2016-07-02,p1191881,1,1750,2016,7,0,1,1.0,16750.0
c316825,2014-05-19,F,1977,인천광역시,남동구,39,30,49,2,2016-07-06,p1005621,1,2900,2016,7,1,2,,
c342334,2015-03-06,F,1961,인천광역시,남동구,55,50,123,3,2016-07-05,p1175481,1,1300,2016,7,0,1,2.0,13600.0
c353994,2015-07-12,F,1980,인천광역시,남동구,36,30,101,1,2016-09-04,p1256521,1,1850,2016,9,1,1,,
c347552,2015-04-29,F,1965,인천광역시,남동구,51,50,65,2,2016-08-20,p1256521,1,1850,2016,8,1,1,1.0,6050.0
c355506,2015-08-01,F,1960,인천광역시,부평구,56,50,23,2,2016-08-10,p1005891,2,3900,2016,8,0,1,7.0,46732.0
c323865,2014-08-02,F,1978,인천광역시,부평구,38,30,99,1,2016-08-28,p1100371,2,800,2016,8,0,2,,
c347407,2015-04-28,F,1980,인천광역시,부평구,36,30,19,1,2016-08-01,p1006281,1,864,2016,8,0,1,3.0,16400.0
c370688,2016-02-15,F,1980,인천광역시,부평구,36,30,141,4,2016-07-04,p1097591,1,600,2016,7,1,0,1.0,3550.0
c313987,2014-04-19,F,1978,인천광역시,부평구,38,30,145,2,2016-07-04,p1149411,1,1000,2016,7,0,2,11.0,36960.0
c362338,2015-10-28,F,1975,인천광역시,부평구,41,40,77,1,2016-11-02,p1013251,1,2500,2016,11,0,1,4.0,22127.0
c378408,2016-05-12,F,1984,인천광역시,부평구,32,30,83,1,2016-08-04,p1284851,1,2750,2016,8,0,0,1.0,1091.0
c343622,2015-03-21,F,1980,인천광역시,부평구,36,30,141,3,2016-07-22,p1052661,1,1455,2016,7,0,1,2.0,13027.0
c361312,2015-10-14,F,1981,인천광역시,부평구,35,30,77,2,2016-10-26,p1100371,1,400,2016,10,1,1,1.0,400.0
c335794,2014-12-13,F,1971,인천광역시,부평구,45,40,117,1,2016-07-02,p1012761,1,1900,2016,7,0,2,5.0,12750.0
c366918,2015-12-26,F,1977,인천광역시,부평구,39,30,193,1,2016-07-12,p1175481,1,1300,2016,7,0,1,4.0,24577.0
c348855,2015-05-15,F,1960,인천광역시,부평구,56,50,131,2,2016-07-23,p1284851,1,2750,2016,7,0,1,4.0,50047.0
c366858,2015-12-25,F,1974,인천광역시,부평구,42,40,157,5,2016-07-16,p1097591,1,600,2016,7,1,1,8.0,39696.0
c309022,2014-02-25,F,1978,인천광역시,부평구,38,30,185,1,2016-08-09,p1012751,1,1250,2016,8,0,2,,
c316579,2014-05-16,F,1967,인천광역시,부평구,49,40,23,2,2016-08-05,p1005891,1,1950,2016,8,0,2,3.0,13073.0
c368205,2016-01-11,F,1978,인천광역시,서구,38,30,93,4,2016-07-18,p1012951,1,1200,2016,7,0,0,1.0,8800.0
c313433,2014-04-14,F,1973,인천광역시,서구,43,40,217,5,2016-07-12,p1072601,1,4600,2016,7,0,2,7.0,44105.0
c341672,2015-02-28,F,1970,인천광역시,연수구,46,40,51,1,2016-08-17,p1162631,1,4600,2016,8,0,1,7.0,26154.0
c341870,2015-03-02,F,1972,인천광역시,연수구,44,40,61,5,2016-08-10,p1089531,1,2000,2016,8,1,1,,
c331925,2014-10-31,F,1974,인천광역시,연수구,42,40,123,1,2016-07-04,p1072601,2,9200,2016,7,0,2,3.0,23000.0
c318873,2014-06-08,F,1977,인천광역시,연수구,39,30,187,1,2016-12-20,p1006281,1,864,2016,12,1,2,2.0,0.0
c308745,2014-02-21,F,1974,인천광역시,연수구,42,40,17,1,2016-07-11,p1211951,1,1700,2016,7,0,2,5.0,42992.0
c362951,2015-11-04,F,1984,인천광역시,연수구,32,30,39,2,2016-10-28,p1175481,1,1300,2016,10,0,1,1.0,5500.0
c349485,2015-05-22,F,1932,인천광역시,연수구,84,80,3,2,2016-08-03,p1005621,1,2813,2016,8,1,1,,
c355902,2015-08-07,F,1968,인천광역시,연수구,48,40,149,2,2016-07-02,p1149381,1,1182,2016,7,0,1,,
c366435,2015-12-19,F,1975,인천광역시,연수구,41,40,179,2,2016-11-07,p1005771,1,1850,2016,11,0,1,1.0,1850.0
c391925,2016-10-27,F,1941,인천광역시,연수구,75,70,127,3,2016-10-27,p1012581,1,1050,2016,10,1,0,1.0,1050.0
c315320,2014-05-02,M,1980,인천광역시,연수구,36,30,71,4,2016-12-28,p1012641,1,1450,2016,12,0,2,2.0,8350.0
c332026,2014-11-01,F,1977,인천광역시,연수구,39,30,139,1,2016-12-05,p1097821,1,1000,2016,12,0,2,2.0,3450.0
c351778,2015-06-16,F,1947,인천광역시,연수구,69,60,33,4,2016-09-29,p1013161,1,2950,2016,9,1,1,,
c306632,2014-01-24,F,1942,인천광역시,연수구,74,70,161,3,2016-08-09,p1005891,1,1950,2016,8,1,2,3.0,24600.0
c368015,2016-01-09,F,1982,인천광역시,연수구,34,30,189,1,2016-07-04,p1246581,2,2272,2016,7,1,0,,
c341674,2015-02-28,M,1973,인천광역시,중구,43,40,47,7,2016-07-01,p1234751,2,1636,2016,7,0,1,19.0,86163.0
c316736,2014-05-17,F,1976,인천광역시,중구,40,40,193,3,2016-07-22,p1013251,1,1650,2016,7,0,2,,
c310508,2014-03-12,F,1981,전라남도,해남군,35,30,155,1,2016-07-08,p1231011,2,1818,2016,7,0,2,2.0,18488.0
c352708,2015-06-26,F,1980,충청남도,당진시,36,30,125,3,2016-07-04,p1005771,1,1850,2016,7,0,1,7.0,37488.0
c395061,2016-12-08,F,1958,충청북도,청원군,58,50,79,1,2016-12-21,p1144661,1,1950,2016,12,0,0,2.0,17270.0
